{
  "hid_dim": 32,
  "num_layers": 3,
  "dropout": 0.29439714158812585,
  "lr": 0.002705847689035649,
  "weight_decay": 0.007426353456456627,
  "activation": "relu"
}