{
  "hid_dim": 64,
  "dropout": 0.21877145840937595,
  "weight_decay": 0.0007916561842746068,
  "lr": 0.0007764565994436976,
  "activation": "leaky_relu",
  "num_layers": 6,
  "num_heads": 4,
  "batch_norm": false,
  "ffn": true,
  "ffn_ratio": 1.7328361658779472,
  "n_mlp_blocks": 3,
  "mlp_dropout": 0.004943441993203734,
  "blur_kernel": false,
  "deg_scaler": false,
  "value_proj": true
}