{
  "hid_dim": 64,
  "num_layers": 2,
  "dropout": 0.29189207791141286,
  "lr": 0.002035269464056357,
  "weight_decay": 0.003658312243582717,
  "activation": "elu"
}