{
  "hid_dim": 128,
  "num_layers": 3,
  "dropout": 0.3739376933356415,
  "lr": 0.0009273296724884891,
  "weight": 0.8151742851101761
}