{
  "hid_dim": 32,
  "num_layers": 3,
  "dropout": 0.4657543252102602,
  "lr": 0.0003860231526425626,
  "weight_decay": 0.005969802591070332,
  "activation": "elu"
}