{
  "hid_dim": 32,
  "num_layers": 6,
  "dropout": 0.3816614014832225,
  "lr": 0.0022389170767627025,
  "weight": 0.7625378880304078
}