{
  "hid_dim": 128,
  "num_layers": 5,
  "dropout": 0.06301443832470005,
  "lr": 0.0027242054402901628,
  "weight": 0.7001027993553233
}