{
  "hid_dim": 128,
  "num_layers": 3,
  "dropout": 0.10425809663169111,
  "lr": 0.0002854148863505458,
  "weight_decay": 0.008357802836159046,
  "activation": "elu"
}