{
  "hid_dim": 64,
  "num_layers": 3,
  "dropout": 0.4185446514334048,
  "lr": 0.0001617630161602005,
  "weight_decay": 0.0017307740945596934,
  "activation": "elu"
}