{
  "hid_dim": 32,
  "num_layers": 5,
  "dropout": 0.2219859841942718,
  "lr": 0.0037814133558037055,
  "weight": 0.7132597566481722
}