{
  "hid_dim": 128,
  "num_layers": 3,
  "dropout": 0.4268429606808707,
  "lr": 0.009377037844727773,
  "weight": 0.6599584520962213
}